Age,Salary,Department_HR,Department_IT
-1.5,-1.5,-0.816496580927726,1.224744871391589
-0.5,-0.5,1.224744871391589,-0.816496580927726
0.5,0.0,-0.816496580927726,-0.816496580927726
1.5,1.5,-0.816496580927726,1.224744871391589
0.0,0.5,1.224744871391589,-0.816496580927726
